{"mean": [2.4794226444581473, 5.711680457983187, 9.180326418420565, 9.30053853781004, 4.634931018190666, 8.417941187367763, -1.6519111129388635], "std": [0.06627087043341442, 0.37406758893862224, 0.6218277309384679, 0.6421300345080931, 18.221135675687297, 9.094350371262111, 18.925177689281355]}